v,b,kurtosis,sd,crst_r
9890,0.97,-1.328783726,3.894007538,1.44954309
